{
	"p9" : 0,
	"p7" : 1.0,
	"p16" : 9,
	"p10" : [ "steps 1 2 3 4 5 4 3 2 1", "directions 1 1 1 1 1 -1 -1 -1 -1" ],
	"p15" : 1,
	"p6" : 4454.48995,
	"p5" : 2326.167881,
	"p14" : 1.0,
	"p13" : 0.0,
	"p3" : 1.0,
	"p11" : 0,
	"p8" : 0.0
}
