{
	"p9" : 1,
	"p7" : 0.5,
	"p16" : 16,
	"p10" : [ "steps 16 15 14 13 12 11 10 9 8 7 6 5 4 3 2 1", "directions -1 -1 -1 -1 -1 -1 -1 -1 -1 -1 -1 -1 -1 -1 -1 -1" ],
	"p15" : 1,
	"p6" : 4454.48995,
	"p5" : 2326.167881,
	"p14" : 1.0,
	"p13" : 0.0,
	"p3" : 1.0,
	"p11" : 0,
	"p8" : 0.0
}
