{
	"p13" : 0.21149,
	"p14" : 0.794377,
	"p9" : 1,
	"p7" : 0.5,
	"p16" : 12,
	"p15" : 50,
	"p6" : 4570.907188,
	"p5" : 2268.684886,
	"p3" : 1.0,
	"p4" : 0,
	"p10" : [ "steps 2 3 4 4 6 7 8 9 9 10 10 12", "directions -1 1 -1 -1 -1 1 -1 1 -1 -1 -1 -1" ],
	"p8" : -12.0,
	"p11" : 0
}
