{
	"p4" : 20.0,
	"p5" : 0.527559,
	"p6" : 51.181102,
	"p7" : 0.397559,
	"p8" : 269.448819,
	"p9" : 0.763937,
	"p3" : 0.755906,
	"p10" : 390.393701
}
