{
	"p5" : 30.0,
	"p3" : 0.976378,
	"p12" : [ 0.0, 0.112676, 1.0, 0.633803 ],
	"p6" : 87.0,
	"p10" : 8,
	"p11" : 12,
	"p4" : 0.503937
}
