{
	"p16" : 72.0,
	"p4" : 7,
	"p1" : 1,
	"p9" : 7,
	"p6" : 1,
	"p14" : 7,
	"p11" : 1,
	"p18" : [ 0, "s", 3, 0.0, 1.0, 0, 20.0 ],
	"p19" : [ 0, "s", 3, 0.0, 1.0, 0, 20.0 ],
	"p20" : [ 0, "s", 3, 0.0, 1.0, 0, 20.0 ],
	"p21" : [ 0, "s", 3, 0.0, 1.0, 0, 20.0 ],
	"p22" : [ 0, "s", 3, 0.0, 1.0, 0, 20.0 ],
	"p3" : 1,
	"p8" : 1,
	"p13" : 1,
	"p12" : 2,
	"p7" : 1,
	"p2" : 0,
	"p17" : 6,
	"p5" : 0.744107031730615,
	"p10" : 0.735924750975503,
	"p15" : 0.681843404164624
}
