{
	"p4" : 2,
	"p5" : 1,
	"p3" : 1.0,
	"p7" : 6.251969,
	"p6" : 971.653543
}
