{
	"p19" : 1,
	"p16" : 1,
	"p9" : 120.0,
	"p8" : 1,
	"p7" : 1,
	"p5" : 24,
	"p17" : [ 523.412537, 541.014099, 593.818665, 629.021729, 646.62323, 664.224792, 664.224792, 611.420227, 576.217163, 541.014099, 523.412537, 523.412537, 541.014099, 611.420227, 629.021729, 681.826294, 699.427856, 664.224792, 664.224792, 646.62323, 646.62323, 646.62323, 646.62323, 681.826294 ],
	"p4" : 6,
	"p10" : 50.0,
	"p3" : 0.771654,
	"p15" : [ 30.0, 5000.0 ],
	"p18" : [ 0.003913, 0.00413, 0.003913, 0.003478, 0.002609, 0.002391, 0.002609, 0.003043, 0.003043, 0.003478, 0.003261, 0.002826, 0.002609, 0.002609, 0.002609, 0.002609, 0.002609, 0.002826, 0.002826, 0.002826, 0.002826, 0.003043, 0.003478, 0.003261 ]
}
