{
	"p2" : [ "Master", "Out", "Master", 16 ],
	"p19" : 0,
	"p16" : 0,
	"p9" : 120.0,
	"p8" : 1,
	"p7" : 1,
	"p5" : 16,
	"p17" : [ 12.968272, 12.968272, 12.968272, 12.968272, 12.968272, 12.968272, 12.968272, 12.968272, 12.968272, 12.968272, 12.968272, 12.968272, 12.968272, 12.968272, 12.968272, 12.968272 ],
	"p4" : 4,
	"p10" : 50.0,
	"p3" : 1.0,
	"p15" : [ 50.0, 9000.0 ],
	"meta" : 	{
		"function" : "module",
		"type" : [ "file", "player" ],
		"parameters" : 		{
			"p1" : "list",
			"p2" : "string",
			"p3" : "integer"
		}
,
		"patchPath" : "C:/Users/Hugh/Documents/GitHub/source-code/System_Files/Modules/Instruments/"
	}

}
