{
	"p12" : 50,
	"p13" : 1.0,
	"p14" : 2.0,
	"p17" : 5.0,
	"p16" : 15,
	"p15" : 3,
	"p22" : 50,
	"p21" : 4,
	"p20" : 3,
	"p19" : 2,
	"p18" : 1,
	"p6" : 3562.131643,
	"p7" : 0.4,
	"p23" : 0,
	"p8" : 4,
	"p5" : 3884.17247,
	"p4" : 2459.319813,
	"p3" : 1.275591,
	"p10" : 0.110236,
	"p24" : [ "notes", 60 ]
}
