{
	"p12" : 50,
	"p13" : 0.0,
	"p14" : 0.0,
	"p17" : 5.0,
	"p16" : 500,
	"p15" : 100,
	"p22" : 50,
	"p21" : 4,
	"p20" : 3,
	"p19" : 2,
	"p18" : 1,
	"p6" : 5699.410628,
	"p7" : 0.25,
	"p23" : 0,
	"p8" : 4,
	"p5" : 3884.17247,
	"p4" : 2459.319813,
	"p3" : 1.275591,
	"p10" : 1.0,
	"p11" : 1,
	"p24" : [ "notes", 60, 64, 67, 72, 76, 79, 55, 52, 48, 45 ]
}
