{
	"p21" : [ 0.0, 0.303571, 1.0, 0.0 ],
	"p4" : 4,
	"p14" : 4,
	"p9" : 3,
	"p35" : 1,
	"p23" : 1,
	"p25" : 1,
	"p24" : 0,
	"p28" : 2.0,
	"p26" : 1,
	"p27" : 1.0,
	"p29" : 1,
	"p31" : 2,
	"p30" : 0,
	"p34" : 4.0,
	"p32" : 2,
	"p33" : 3.0,
	"p22" : [ 0.866071, 0.571429, 0.339286, 0.178571 ],
	"p15" : 0.787402,
	"p10" : 0.629921,
	"p5" : 0.661417,
	"p3" : 0.519685,
	"p11" : 0,
	"p16" : 0,
	"p6" : 0,
	"p7" : 0,
	"p12" : 1,
	"p17" : 2,
	"p8" : 0,
	"p13" : 0,
	"p18" : 0
}
