{
	"p21" : [ 0.0, 0.080357, 0.0, 0.0 ],
	"p4" : 11,
	"p14" : 15,
	"p9" : 27,
	"p35" : 1,
	"p2" : [ "Master", "Out", "Master", 15 ],
	"p23" : 1,
	"p25" : 1,
	"p24" : 0,
	"p28" : 2.0,
	"p26" : 1,
	"p27" : 1.0,
	"p29" : 1,
	"p31" : 2,
	"p30" : 0,
	"p34" : 4.0,
	"p32" : 2,
	"p33" : 3.0,
	"p22" : [ 0.866071, 0.571429, 0.339286, 0.178571 ],
	"p15" : 0.787402,
	"p10" : 0.629921,
	"p5" : 0.692913,
	"p3" : 0.976378,
	"p11" : 0,
	"p16" : 0,
	"p6" : 0,
	"p7" : 0,
	"p12" : 0,
	"p17" : 0,
	"p8" : 0,
	"p13" : 0,
	"p18" : 0
}
