{
	"p21" : [ 0.053571, 0.303571, 0.660714, 0.419643 ],
	"p4" : 2,
	"p14" : 4,
	"p9" : 3,
	"p35" : 1,
	"p2" : [ "Master", "Out", "Master", 15 ],
	"p23" : 1,
	"p25" : 1,
	"p24" : 0,
	"p28" : 2.0,
	"p26" : 1,
	"p27" : 1.0,
	"p29" : 1,
	"p31" : 2,
	"p30" : 0,
	"p34" : 4.0,
	"p32" : 2,
	"p33" : 3.0,
	"p22" : [ 0.866071, 0.571429, 0.339286, 0.178571 ],
	"p15" : 0.787402,
	"p10" : 0.551181,
	"p5" : 0.346457,
	"p3" : 0.519685,
	"p11" : 2,
	"p16" : 3,
	"p6" : 1,
	"p7" : 1,
	"p12" : 2,
	"p17" : 3,
	"p8" : 1,
	"p13" : -1,
	"p18" : -2
}
