{
	"pattrstorage" : 	{
		"name" : "presets668872",
		"slots" : 		{
			"1" : 			{
				"id" : 1,
				"data" : 				{
					"ina" : [ 1 ],
					"inb" : [ 16 ],
					"out1a" : [ 0 ],
					"out1b" : [ 0 ],
					"out2a" : [ 0 ],
					"out2b" : [ 17 ],
					"envelope" : [ 316.0, 0.0, 1.0, 0.0, 0.0, 0, 6.019042, 1.0, 0, 111.352364, 1.0, 0, 148.971436, 0.569767, 0, 213.676193, 0.186047, 0, 316.0, 0.0, 0, "linear" ],
					"volume" : [ 1.031496 ],
					"duration" : [ 316 ],
					"repeat" : [ 3032 ],
					"sync" : [ 0 ],
					"toggle[2]" : [ 1 ]
				}

			}
,
			"2" : 			{
				"id" : 2,
				"data" : 				{
					"ina" : [ 1 ],
					"inb" : [ 16 ],
					"out1a" : [ 0 ],
					"out1b" : [ 0 ],
					"out2a" : [ 0 ],
					"out2b" : [ 17 ],
					"envelope" : [ 44.0, 0.0, 1.0, 0.0, 0.0, 0, 10.916031, 1.0, 0, 17.633587, 0.0, 0, 44.0, 0.993378, 0, 44.0, 0.0, 0, "linear" ],
					"volume" : [ 1.031496 ],
					"duration" : [ 44 ],
					"repeat" : [ 1398 ],
					"sync" : [ 0 ],
					"toggle[2]" : [ 1 ]
				}

			}
,
			"3" : 			{
				"id" : 3,
				"data" : 				{
					"ina" : [ 1 ],
					"inb" : [ 16 ],
					"out1a" : [ 0 ],
					"out1b" : [ 0 ],
					"out2a" : [ 0 ],
					"out2b" : [ 17 ],
					"envelope" : [ 216.0, 0.0, 1.0, 0.0, 0.0, 0, 193.740463, 0.966887, 0, 216.0, 0.0, 0, "linear" ],
					"volume" : [ 1.811024 ],
					"duration" : [ 216 ],
					"repeat" : [ 3032 ],
					"sync" : [ 0 ],
					"toggle[2]" : [ 1 ]
				}

			}
,
			"4" : 			{
				"id" : 4,
				"data" : 				{
					"ina" : [ 1 ],
					"inb" : [ 16 ],
					"out1a" : [ 0 ],
					"out1b" : [ 0 ],
					"out2a" : [ 0 ],
					"out2b" : [ 17 ],
					"envelope" : [ 567.0, 0.0, 1.0, 0.0, 0.0, 0, 19.4771, 0.847682, 0, 62.759541, 0.0, 0, 179.622147, 0.264901, 0, 179.622147, 0.741722, 0, 257.530548, 0.781457, 0, 257.530548, 0.13245, 0, 261.858765, 0.317881, 0, 305.141235, 0.953642, 0, 352.751923, 0.10596, 0, 391.706116, 0.993378, 0, 409.019073, 0.251656, 0, 478.270996, 0.145695, 0, 508.568695, 0.966887, 0, 567.0, 0.0, 0, "linear" ],
					"volume" : [ 1.700787 ],
					"duration" : [ 567 ],
					"repeat" : [ 3032 ],
					"sync" : [ 0 ],
					"toggle[2]" : [ 1 ]
				}

			}
,
			"5" : 			{
				"id" : 5,
				"data" : 				{
					"ina" : [ 1 ],
					"inb" : [ 16 ],
					"out1a" : [ 0 ],
					"out1b" : [ 0 ],
					"out2a" : [ 0 ],
					"out2b" : [ 17 ],
					"envelope" : [ 316.0, 0.0, 1.0, 0.0, 0.0, 0, 6.019042, 1.0, 0, 90.458015, 0.0, 0, 213.676193, 0.0, 0, 271.374054, 0.807947, 0, 316.0, 0.0, 0, "linear" ],
					"volume" : [ 1.031496 ],
					"duration" : [ 316 ],
					"repeat" : [ 3032 ],
					"sync" : [ 0 ],
					"toggle[2]" : [ 1 ]
				}

			}

		}

	}

}
