{
	"p1" : [ "A", 1, "B", 2 ],
	"p2" : [ "C", 3, "D", 4 ],
	"p4" : 66.259843,
	"p3" : 0.724409
}
