{
	"p3" : 1.0,
	"p2" : [ "Master", "Out", "Master", 0 ],
	"p1" : [ "E", 1 ],
	"p4" : 10,
	"p9" : 10,
	"p6" : 0.25,
	"p11" : 0.25,
	"p7" : 0.649999976158142,
	"p12" : 0.649999976158142,
	"p8" : 0,
	"p5" : 4,
	"p13" : 0,
	"p10" : 4.0
}
