{
	"p2" : [ "B", 2, "C", 3 ],
	"p10" : 0.0,
	"p8" : 33.464567,
	"p9" : 0.407087,
	"p7" : 1.1,
	"p6" : 100.0,
	"p5" : 0.661417,
	"p4" : 0.874016,
	"p3" : 0.0,
	"p1" : [ "A", 1 ]
}
