{
	"p6" : 58.267717,
	"p5" : 0.212598,
	"p4" : 0.165354,
	"p10" : 7.0,
	"p8" : 1.8,
	"p9" : 0.85,
	"p7" : 0.8,
	"p3" : 0.9
}
