{
	"p4" : 70.866142,
	"p5" : 277.810176,
	"p6" : 2.702315,
	"p7" : 0.0,
	"p8" : 500.0,
	"p9" : 0.830264,
	"p10" : 0.0,
	"p12" : 1.03895,
	"p11" : 4000.0,
	"p3" : 1.007874
}
