{
	"p1" : [ "A", 1 ],
	"p2" : [ "B", 2, "C", 3 ],
	"p4" : 125.984252,
	"p5" : 300.0,
	"p6" : 0.0,
	"p7" : 248.031496,
	"p8" : 500.0,
	"p9" : 25.0,
	"p10" : 405.511811,
	"p12" : 5.375449,
	"p11" : 6862.276536,
	"p3" : 0.629921
}
