{
	"p4" : 70.866142,
	"p5" : 145.225097,
	"p6" : 2.702315,
	"p7" : 98.425197,
	"p8" : 1016.083371,
	"p9" : 3.26413,
	"p10" : 0.0,
	"p12" : 1.03895,
	"p11" : 4000.0,
	"p3" : 1.007874
}
