{
	"p2" : 0.299213,
	"p3" : [ "B", 2 ],
	"p5" : [ "C", 3 ],
	"p7" : [ "D", 4 ],
	"p9" : [ "E", 5 ],
	"p1" : [ "A", 1 ],
	"p8" : 0.787402,
	"p6" : 1.291339,
	"p4" : 1.874016,
	"p10" : 0.456693
}
