{
	"p4" : 1,
	"p5" : 49.606299,
	"p6" : 0.937008,
	"p3" : 1.0
}
