{
	"p4" : 0,
	"p5" : 12.598425,
	"p6" : 0.937008,
	"p3" : 1.0
}
