{
	"pattrstorage" : 	{
		"name" : "presets64250",
		"slots" : 		{
			"1" : 			{
				"id" : 1,
				"data" : 				{
					"mix[1]" : [ 86.614174 ],
					"Ldelay" : [ 5.224615 ],
					"Rdelay" : [ 21.355942 ],
					"rate[1]" : [ 0.950369 ],
					"depth[1]" : [ 0.543307 ],
					"vol[1]" : [ 1.007874 ],
					"RFBack" : [ 0.615827 ],
					"LFBack" : [ 0.647008 ],
					"out1a" : [ 0 ],
					"out1b" : [ 0 ],
					"out2a" : [ 0 ],
					"out2b" : [ 17 ],
					"ina" : [ 1 ],
					"inb" : [ 16 ]
				}

			}
,
			"2" : 			{
				"id" : 2,
				"data" : 				{
					"mix[1]" : [ 100.0 ],
					"Ldelay" : [ 46.899994 ],
					"Rdelay" : [ 49.215698 ],
					"rate[1]" : [ 0.290873 ],
					"depth[1]" : [ 1.0 ],
					"vol[1]" : [ 1.055118 ],
					"RFBack" : [ 0.802913 ],
					"LFBack" : [ 0.810709 ],
					"out1a" : [ 0 ],
					"out1b" : [ 0 ],
					"out2a" : [ 0 ],
					"out2b" : [ 17 ],
					"ina" : [ 1 ],
					"inb" : [ 16 ]
				}

			}
,
			"3" : 			{
				"id" : 3,
				"data" : 				{
					"mix[1]" : [ 100.0 ],
					"Ldelay" : [ 27.977556 ],
					"Rdelay" : [ 39.583981 ],
					"rate[1]" : [ 0.039993 ],
					"depth[1]" : [ 0.937008 ],
					"vol[1]" : [ 1.007874 ],
					"RFBack" : [ 0.701575 ],
					"LFBack" : [ 0.0 ],
					"out1a" : [ 0 ],
					"out1b" : [ 0 ],
					"out2a" : [ 0 ],
					"out2b" : [ 17 ],
					"ina" : [ 1 ],
					"inb" : [ 16 ]
				}

			}
,
			"4" : 			{
				"id" : 4,
				"data" : 				{
					"mix[1]" : [ 84.251968 ],
					"Ldelay" : [ 27.977556 ],
					"Rdelay" : [ 39.583981 ],
					"rate[1]" : [ 20.0 ],
					"depth[1]" : [ 0.070866 ],
					"vol[1]" : [ 1.007874 ],
					"RFBack" : [ 0.701575 ],
					"LFBack" : [ 0.210472 ],
					"out1a" : [ 0 ],
					"out1b" : [ 0 ],
					"out2a" : [ 0 ],
					"out2b" : [ 17 ],
					"ina" : [ 1 ],
					"inb" : [ 16 ]
				}

			}
,
			"5" : 			{
				"id" : 5,
				"data" : 				{
					"mix[1]" : [ 100.0 ],
					"Ldelay" : [ 2.095604 ],
					"Rdelay" : [ 27.391655 ],
					"rate[1]" : [ 0.831719 ],
					"depth[1]" : [ 0.787402 ],
					"vol[1]" : [ 1.0 ],
					"RFBack" : [ 0.506693 ],
					"LFBack" : [ 0.483307 ],
					"out1a" : [ 0 ],
					"out1b" : [ 0 ],
					"out2a" : [ 0 ],
					"out2b" : [ 17 ],
					"ina" : [ 1 ],
					"inb" : [ 16 ]
				}

			}
,
			"6" : 			{
				"id" : 6,
				"data" : 				{
					"mix[1]" : [ 100.0 ],
					"Ldelay" : [ 46.899994 ],
					"Rdelay" : [ 49.215698 ],
					"rate[1]" : [ 0.032953 ],
					"depth[1]" : [ 0.094488 ],
					"vol[1]" : [ 1.055118 ],
					"RFBack" : [ 0.802913 ],
					"LFBack" : [ 0.810709 ],
					"out1a" : [ 0 ],
					"out1b" : [ 0 ],
					"out2a" : [ 0 ],
					"out2b" : [ 17 ],
					"ina" : [ 1 ],
					"inb" : [ 16 ]
				}

			}

		}

	}

}
