{
	"pattrstorage" : 	{
		"name" : "presets768184",
		"slots" : 		{
			"1" : 			{
				"id" : 1,
				"data" : 				{
					"out1a" : [ 0 ],
					"out1b" : [ 0 ],
					"out2a" : [ 0 ],
					"out2b" : [ 17 ],
					"ina" : [ 0 ],
					"inb" : [ 0 ],
					"a0" : [ 5, 0, 6, 1, 0, 0, 46.918724, 1.008003, 1.510518, 1, 9, 1, 0, 0, 126.749527, 1.024613, 2.083906, 2, 5, 1, 0, 0, 264.084991, 1.008003, 2.452101, 3, 5, 1, 0, 0, 1267.244629, 1.024613, 1.86785, 4, 7, 1, 0, 0, 648.810242, 0.023759, 0.924832 ]
				}

			}
,
			"2" : 			{
				"id" : 2,
				"data" : 				{
					"out1a" : [ 0 ],
					"out1b" : [ 0 ],
					"out2a" : [ 0 ],
					"out2b" : [ 17 ],
					"ina" : [ 0 ],
					"inb" : [ 0 ],
					"a0" : [ 5, 0, 6, 1, 0, 0, 1217.507935, 0.059883, 1.097551, 1, 9, 1, 0, 0, 126.749527, 1.024613, 2.083906, 2, 5, 1, 0, 0, 264.084991, 1.008003, 2.452101, 3, 5, 1, 0, 0, 1267.244629, 1.024613, 1.86785, 4, 7, 1, 0, 0, 13931.09082, 0.972865, 0.924832 ]
				}

			}
,
			"3" : 			{
				"id" : 3,
				"data" : 				{
					"out1a" : [ 0 ],
					"out1b" : [ 0 ],
					"out2a" : [ 0 ],
					"out2b" : [ 17 ],
					"ina" : [ 0 ],
					"inb" : [ 0 ],
					"a0" : [ 5, 0, 6, 1, 0, 0, 148.343201, 0.043098, 1.256025, 1, 9, 1, 0, 0, 269.197021, 0.938949, 2.083906, 2, 5, 1, 0, 0, 264.084991, 1.008003, 2.452101, 3, 5, 1, 0, 0, 338.768616, 0.938949, 1.86785, 4, 7, 1, 0, 0, 5378.464844, 0.01819, 0.924832 ]
				}

			}
,
			"4" : 			{
				"id" : 4,
				"data" : 				{
					"out1a" : [ 0 ],
					"out1b" : [ 0 ],
					"out2a" : [ 0 ],
					"out2b" : [ 17 ],
					"ina" : [ 0 ],
					"inb" : [ 0 ],
					"a0" : [ 5, 0, 6, 1, 0, 0, 46.918724, 1.008003, 1.510518, 1, 9, 1, 0, 0, 126.749527, 1.024613, 2.083906, 2, 5, 1, 0, 0, 674.057251, 0.05176, 0.430415, 3, 5, 1, 0, 0, 2463.886719, 0.938949, 1.86785, 4, 7, 1, 0, 0, 914.677002, 0.972865, 0.924832 ]
				}

			}
,
			"5" : 			{
				"id" : 5,
				"data" : 				{
					"out1a" : [ 0 ],
					"out1b" : [ 0 ],
					"out2a" : [ 0 ],
					"out2b" : [ 17 ],
					"ina" : [ 0 ],
					"inb" : [ 0 ],
					"a0" : [ 5, 0, 6, 1, 0, 0, 20.850357, 1.082128, 1.120039, 1, 9, 1, 0, 0, 89.66539, 1.008003, 1.941875, 2, 5, 1, 0, 0, 11963.505859, 0.938949, 0.430415, 3, 5, 1, 0, 0, 1128.124878, 3.025865, 5.336802, 4, 7, 1, 0, 0, 249.319809, 0.972865, 0.924832 ]
				}

			}
,
			"6" : 			{
				"id" : 6,
				"data" : 				{
					"out1a" : [ 0 ],
					"out1b" : [ 0 ],
					"out2a" : [ 0 ],
					"out2b" : [ 17 ],
					"ina" : [ 0 ],
					"inb" : [ 0 ],
					"a0" : [ 5, 0, 6, 1, 0, 0, 20.850357, 1.082128, 1.120039, 1, 9, 1, 0, 0, 89.66539, 1.008003, 1.941875, 2, 5, 1, 0, 0, 11963.505859, 0.938949, 0.430415, 3, 5, 1, 0, 0, 1923.45752, 0.038592, 5.336802, 4, 7, 1, 0, 0, 249.319809, 0.972865, 0.924832 ]
				}

			}
,
			"7" : 			{
				"id" : 7,
				"data" : 				{
					"out1a" : [ 0 ],
					"out1b" : [ 0 ],
					"out2a" : [ 0 ],
					"out2b" : [ 17 ],
					"ina" : [ 0 ],
					"inb" : [ 0 ],
					"a0" : [ 5, 0, 6, 1, 0, 0, 154.175491, 0.152839, 1.120039, 1, 9, 1, 0, 0, 68.226601, 0.874617, 2.253042, 2, 5, 1, 0, 0, 5079.900391, 6.836401, 0.430415, 3, 5, 1, 0, 0, 2075.744629, 8.455819, 5.336802, 4, 7, 1, 0, 0, 1006.182434, 0.280432, 3.719604 ]
				}

			}

		}

	}

}
