{
	"p7" : 0.031659,
	"p6" : 5.0,
	"p5" : 578.0,
	"p4" : 58.162664,
	"p10" : 0.311135,
	"p9" : 0.116599,
	"p8" : 0.055319,
	"p3" : 0.897638
}
