{
	"p7" : 0.011163,
	"p6" : 5.0,
	"p5" : 578.0,
	"p4" : 58.162664,
	"p10" : 0.011052,
	"p9" : 0.554581,
	"p8" : 0.886217,
	"p3" : 1.0,
}
