{
	"p27" : 90,
	"p21" : [ 0.0, 0.056818, 1.0, 0.0 ],
	"p25" : 120,
	"p28" : 1,
	"p4" : 17,
	"p14" : 0,
	"p9" : 3,
	"p22" : 1,
	"p26" : [ 100, 100, 100, 100 ],
	"p15" : 0.0,
	"p10" : 0.488189,
	"p5" : 0.472441,
	"p3" : 1.0,
	"p1" : [ "notes", "flush" ]
}
