{
	"p27" : 200,
	"p21" : [ 0.840909, 0.545455, 0.329545, 0.181818 ],
	"p25" : 100,
	"p28" : 4,
	"p4" : 2,
	"p14" : 4,
	"p9" : 3,
	"p22" : 1,
	"p2" : [ "Master", "Out", "B", 2 ],
	"p26" : [ 90, 70, 80, 60 ],
	"p15" : 0.377953,
	"p10" : 0.393701,
	"p5" : 0.251969,
	"p3" : 0.598425,
	"p1" : [ "notes", 48, 52, 55 ],
	"p7" : 1,
	"p12" : 2,
	"p17" : 3,
	"p6" : 1,
	"p11" : 2,
	"p16" : 3,
	"p8" : -1,
	"p13" : -2,
	"p18" : 1,
	"p23" : 1,
	"p30" : 1
}
