{
	"p27" : 90,
	"p21" : [ 0.454545, 0.056818, 1.0, 0.318182 ],
	"p25" : 120,
	"p28" : 1,
	"p4" : 2,
	"p14" : 2,
	"p9" : 2,
	"p22" : 1,
	"p26" : [ 100, 100, 100, 100 ],
	"p15" : 0.787402,
	"p10" : 0.645669,
	"p5" : 0.440945,
	"p3" : 1.0,
	"p1" : [ "notes", "flush" ],
	"p18" : -1,
	"p13" : 0,
	"p12" : -5
}
