{
	"p27" : 90,
	"p21" : [ 0.011364, 0.056818, 1.0, 0.068182 ],
	"p25" : 101,
	"p28" : 4,
	"p4" : 16,
	"p14" : 31,
	"p9" : 21,
	"p22" : 1,
	"p26" : [ 100, 100, 100, 100 ],
	"p15" : 0.425197,
	"p10" : 0.283465,
	"p5" : 0.440945,
	"p3" : 1.0,
	"p1" : [ "notes", "flush" ],
	"p18" : -1,
	"p13" : -1,
	"p12" : -5,
	"p30" : 1,
	"p23" : 2,
	"p29" : -2
}
