{
	"p21" : [ 0.625, 0.428571, 0.607143, 0.428571 ],
	"p4" : 1,
	"p14" : 1,
	"p9" : 1,
	"p35" : 1,
	"p23" : 1,
	"p25" : 1,
	"p24" : 0,
	"p28" : 20.0,
	"p26" : 6,
	"p27" : 100.0,
	"p29" : 1,
	"p31" : 2,
	"p30" : 0,
	"p34" : 5.0,
	"p32" : 6,
	"p33" : 0.5,
	"p22" : [ 0.866071, 0.571429, 0.339286, 0.178571 ],
	"p15" : 0.787402,
	"p10" : 0.629921,
	"p5" : 0.692913,
	"p3" : 0.677165,
	"p11" : 0,
	"p16" : 0,
	"p6" : 0,
	"p7" : 0,
	"p12" : 0,
	"p17" : 0,
	"p8" : 0,
	"p13" : 0,
	"p18" : 0
}
