{
	"p3" : 0,
	"p2" : 0.330000013113022,
	"p4" : 0.330000013113022,
	"p6" : 0.330000013113022,
	"p8" : 0.330000013113022
}
