{
	"p3" : 0.614173,
	"p4" : [ 0.0, 0.0, 223.282443, 0.860927, 500.0, 0.0 ],
	"p5" : 500,
	"p6" : 0,
	"p7" : 1,
	"p8" : 1
}
