{
	"p3" : 0.614173,
	"p4" : [ 0.0, 0.0, 0.0, 0.913907, 62.965649, 0.900662, 66.194656, 0.0 ],
	"p5" : 141,
	"p6" : 0,
	"p7" : 1,
	"p8" : 1
}
