{
	"p2" : [ "B", 2, "C", 3 ],
	"p1" : [ "A", 1 ],
	"p3" : 0.614173,
	"p4" : [ 0.0, 0.0, 0.0, 0.913907, 100.0, 0.0 ],
	"p5" : 100,
	"p6" : 200,
	"p7" : 1
}
