{
	"p3" : 1.0,
	"p5" : 0.543307,
	"p4" : 5984.251969
}
