{
	"p2" : [ "C", 3, "B", 2 ],
	"p1" : [ "A", 1 ],
	"p3" : 0.551181,
	"p5" : 0.307087,
	"p4" : 4330.708661
}
