{
	"pattrstorage" : 	{
		"name" : "presets775942",
		"slots" : 		{
			"1" : 			{
				"id" : 1,
				"data" : 				{
					"lowfreq" : [ 149.537262 ],
					"lowq" : [ 8.618285 ],
					"midvol" : [ 74.431152 ],
					"midfreq" : [ 1341.117676 ],
					"highvol" : [ 500.0 ],
					"higq" : [ 0.0 ],
					"lowvol" : [ 107.911217 ],
					"midq" : [ 11.357035 ],
					"highfreq" : [ 7496.062988 ],
					"vol[1]" : [ 0.84252 ],
					"ina" : [ 1 ],
					"inb" : [ 16 ],
					"out1a" : [ 0 ],
					"out1b" : [ 0 ],
					"out2a" : [ 0 ],
					"out2b" : [ 0 ]
				}

			}
,
			"2" : 			{
				"id" : 2,
				"data" : 				{
					"lowfreq" : [ 40.0 ],
					"lowq" : [ 8.618285 ],
					"midvol" : [ 368.311737 ],
					"midfreq" : [ 1433.139404 ],
					"highvol" : [ 0.0 ],
					"higq" : [ 0.0 ],
					"lowvol" : [ 0.0 ],
					"midq" : [ 5.580845 ],
					"highfreq" : [ 7496.062988 ],
					"vol[1]" : [ 0.84252 ],
					"ina" : [ 1 ],
					"inb" : [ 16 ],
					"out1a" : [ 0 ],
					"out1b" : [ 0 ],
					"out2a" : [ 0 ],
					"out2b" : [ 0 ]
				}

			}
,
			"3" : 			{
				"id" : 3,
				"data" : 				{
					"lowfreq" : [ 40.0 ],
					"lowq" : [ 8.618285 ],
					"midvol" : [ 0.0 ],
					"midfreq" : [ 1433.139404 ],
					"highvol" : [ 115.351234 ],
					"higq" : [ 9.774479 ],
					"lowvol" : [ 0.0 ],
					"midq" : [ 5.580845 ],
					"highfreq" : [ 6177.845703 ],
					"vol[1]" : [ 0.84252 ],
					"ina" : [ 1 ],
					"inb" : [ 16 ],
					"out1a" : [ 0 ],
					"out1b" : [ 0 ],
					"out2a" : [ 0 ],
					"out2b" : [ 0 ]
				}

			}
,
			"4" : 			{
				"id" : 4,
				"data" : 				{
					"lowfreq" : [ 196.494141 ],
					"lowq" : [ 8.618285 ],
					"midvol" : [ 234.639465 ],
					"midfreq" : [ 1739.248413 ],
					"highvol" : [ 328.879669 ],
					"higq" : [ 0.000742 ],
					"lowvol" : [ 60.016121 ],
					"midq" : [ 23.237474 ],
					"highfreq" : [ 4516.927246 ],
					"vol[1]" : [ 0.84252 ],
					"ina" : [ 1 ],
					"inb" : [ 16 ],
					"out1a" : [ 0 ],
					"out1b" : [ 0 ],
					"out2a" : [ 0 ],
					"out2b" : [ 0 ]
				}

			}
,
			"5" : 			{
				"id" : 5,
				"data" : 				{
					"lowfreq" : [ 267.572845 ],
					"lowq" : [ 4.70016 ],
					"midvol" : [ 0.0 ],
					"midfreq" : [ 731.861206 ],
					"highvol" : [ 328.879669 ],
					"higq" : [ 6.324886 ],
					"lowvol" : [ 119.164238 ],
					"midq" : [ 23.237474 ],
					"highfreq" : [ 7457.890625 ],
					"vol[1]" : [ 0.84252 ],
					"ina" : [ 1 ],
					"inb" : [ 16 ],
					"out1a" : [ 0 ],
					"out1b" : [ 0 ],
					"out2a" : [ 0 ],
					"out2b" : [ 0 ]
				}

			}

		}

	}

}
