{
	"p6" : 0.0,
	"p5" : 0,
	"p10" : 0.79685,
	"p4" : -1.0,
	"p9" : 48.818898,
	"p3" : 1.0,
	"p7" : -5.0,
	"p8" : 5.0
}
