{
	"p6" : 1.070866,
	"p5" : 1,
	"p2" : [ "B", 2, "C", 3 ],
	"p10" : 0.381102,
	"p4" : 16.062992,
	"p9" : 67.716535,
	"p3" : 0.535433,
	"p1" : [ "A", 1 ],
	"p7" : 1.0,
	"p8" : 2.0
}
