{
	"p2" : [ "B", 2, "C", 3 ],
	"p9" : 1,
	"p4" : 27874.015748,
	"p6" : 1,
	"p1" : [ "A", 1 ],
	"p5" : 0.708661,
	"p7" : 1.0,
	"p8" : 2.0,
	"p3" : 0.614173
}
