{
	"p3" : 0,
	"p16" : 0,
	"p5" : 0,
	"p7" : 4,
	"p4" : 0,
	"p6" : 60.0,
	"p10" : [ "Mic", 0 ],
	"p13" : 0.330000013113022,
	"p12" : 0.330000013113022,
	"p14" : 0.330000013113022,
	"p15" : 0.330000013113022,
	"p8" : 1.0,
	"p9" : 0.330000013113022,
	"p11" : 0.330000013113022
}
