{
	"p2" : [ "B", 2, "C", 3 ],
	"p1" : [ 0, 60, 64, 67, 72 ],
	"p4" : 0.362205,
	"p5" : 0.220472,
	"p6" : 0.771654,
	"p7" : 1,
	"p3" : [ "D", 4, "E", 5 ]
}
