{
	"p5" : 3,
	"p2" : [ "B", 2, "C", 3 ],
	"p6" : [ 0, 2, 3, 4, 5, 7, 8, 9, 11 ],
	"p1" : [ "A", 1 ],
	"p3" : 0.535433,
	"p4" : 74.015748
}
