{
	"p11" : 22,
	"p5" : 1.2,
	"p6" : 17.0,
	"p4" : 0.488189,
	"p8" : 2.0,
	"p7" : 10,
	"p9" : 1,
	"p12" : [ 0.584507, 0.2, 0.9, 0.422535 ],
	"p10" : 18,
	"p3" : 0.708661
}
