{
	"p5" : 49.606299,
	"p2" : [ "B", 2, "C", 3 ],
	"p6" : 0.732283,
	"p1" : [ "A", 1 ],
	"p3" : 0.551181,
	"p4" : 0
}
