{
	"p4" : 1,
	"p5" : 9.448819,
	"p6" : 0.496063,
	"p3" : 1.0
}
