{
	"p1" : "Violin_MONO.wav",
	"p6" : 679,
	"p5" : 801,
	"p4" : 53.937008,
	"p3" : 0.519685,
	"p2" : [ "A", 1, "B", 2 ]
}
