{
	"p4" : 1,
	"p6" : 8.062992,
	"p5" : 0.346457
}
