{
	"p13" : 26.0,
	"p2" : [ "Master", "Out", "B", 1 ],
	"p5" : 0,
	"p7" : 8,
	"p4" : 2,
	"p6" : 4,
	"p36" : 2.77,
	"p30" : 25.0,
	"p24" : 1.0,
	"p34" : [ 0, 0, 0, 1 ],
	"p28" : [ 0, 0, 1, 0 ],
	"p33" : [ 1, 0 ],
	"p27" : [ 0, 1 ],
	"p22" : [ 1, 0, 1, 0 ],
	"p21" : [ 0, 1 ],
	"p29" : 550.0,
	"p23" : 1100.0,
	"p37" : 1,
	"p31" : 1,
	"p25" : 0,
	"p16" : [ 1, 0, 0, 1, 0 ],
	"p19" : 0,
	"p18" : 1.0,
	"p35" : 562.0,
	"p17" : 150.0,
	"p14" : 11.0,
	"p10" : 1,
	"p15" : [ 0.647059, 0.2, 0.9, 0.455882 ],
	"p38" : 0.06,
	"p3" : 1.417323,
	"p32" : 0.433071,
	"p26" : 0.0,
	"p20" : 0.0,
	"p9" : 0.496063,
	"p8" : [ "C", 1, "D", 2 ]
}
