{
	"p7" : 0.0,
	"p8" : 67,
	"p5" : 0.958819,
	"p6" : 0.958819
}
