{
	"p7" : 96.0,
	"p8" : 64,
	"p5" : 0.958819,
	"p6" : 0.958819
}
