{
	"p19" : 1,
	"p16" : 0,
	"p9" : 120.0,
	"p8" : 5,
	"p7" : 1,
	"p5" : 1,
	"p17" : 523.412537,
	"p4" : 23,
	"p10" : 100.0,
	"p3" : 0.771654,
	"p15" : [ 30.0, 5000.0 ],
	"p18" : [ 0.003913, 0.00413, 0.003913, 0.003478, 0.002609, 0.002391, 0.002609, 0.003043, 0.003043, 0.003478, 0.003261, 0.002826, 0.002609, 0.002609, 0.002609, 0.002609, 0.002609, 0.002826, 0.002826, 0.002826, 0.002826, 0.003043, 0.003478, 0.003261 ],
	"p1" : [ "notes", 0, 48, 52, 55, 59, 60, 64, 67, 72, 71, 76 ],
	"p12" : [ "chord", 48, 52, 55, 59, 60, 64, 67, 72, 71, 76 ],
	"p6" : 1000,
	"p11" : 100.0
}
