{
	"p7" : 0.314961,
	"p6" : 2.192913,
	"p5" : 6296.062992,
	"p1" : [ "A", 1 ],
	"p2" : [ "B", 2, "C", 3 ],
	"p3" : 0.724409,
	"p4" : 2
}
