{
	"p1" : [ "A", 1 ],
	"p3" : [ "B", 2 ],
	"p5" : [ "C", 3 ],
	"p7" : [ "D", 4 ],
	"p9" : [ "E", 5, "F", 6 ],
	"p10" : 0.488189,
	"p8" : 1.322835,
	"p6" : 0.755906,
	"p4" : 0.267717,
	"p2" : 0.0
}
