{
	"p3" : 0,
	"p4" : 0.330000013113022,
	"p5" : 0.330000013113022,
	"p6" : 0.330000013113022,
	"p7" : 0.330000013113022,
	"p8" : 10.0,
	"p9" : 0.330000013113022,
	"p10" : 20.0,
	"p11" : 10.0,
	"p12" : 0.330000013113022
}
