{
	"p24" : 169.230769,
	"p3" : 1.0,
	"p10" : 118,
	"p9" : 64,
	"p32" : 2,
	"p25" : 169.230769,
	"p27" : 0.0,
	"p26" : 0.0,
	"p29" : 0.0,
	"p28" : 0.0,
	"p31" : 0.0,
	"p30" : 0.0
}
