{
	"p4" : 0.314961,
	"p5" : 0.527559,
	"p6" : 51.181102,
	"p7" : 0.233858,
	"p8" : 14.566929,
	"p9" : 0.420945,
	"p3" : 0.755906
}
