{
	"p9" : 0.0,
	"p8" : 0.0,
	"p6" : 0,
	"p5" : 3,
	"p7" : 0.0,
	"p11" : 0.329134,
	"p4" : -1.0,
	"p10" : 7.086614,
	"p3" : 0.818898
}
