{
	"p9" : 2.0,
	"p8" : 1.0,
	"p6" : 1,
	"p2" : [ "B", 2, "C", 3 ],
	"p5" : 3,
	"p7" : 1.606299,
	"p11" : 0.329134,
	"p4" : 9.637795,
	"p10" : 66.929134,
	"p3" : 0.692913,
	"p1" : [ "A", 1 ]
}
