{
	"p7" : 20.0,
	"p8" : 20,
	"p9" : 100.0,
	"p10" : 0,
	"p5" : 11.559055,
	"p3" : 1.03937,
	"p4" : 1.007874
}
