{
	"p6" : 3790.20979,
	"p5" : 797.202797,
	"p8" : 8839.160839,
	"p7" : 1132.867133,
	"p10" : 127,
	"p9" : 91,
	"p12" : 4,
	"p11" : 2,
	"p3" : [ "notes", 48, 50, 52, 53, 55, 57, 59, 60, 62, 64, 65, 67, 69, 71, 72, 74, 76, 77, 79, 81, 83, 84, 86, 88 ],
	"p13" : 100.0
}
