{
	"p6" : 475.524476,
	"p5" : 1.0,
	"p8" : 476.048951,
	"p7" : 1.0,
	"p10" : 127,
	"p9" : 91,
	"p12" : 16,
	"p11" : 1,
	"p3" : [ "notes", "flush" ],
	"p13" : 100.0
}
