{
	"p23" : 0,
	"p22" : 2,
	"p5" : 100.0,
	"p3" : 0.614173,
	"p7" : 0.623068,
	"p6" : 0.185493,
	"p4" : 0,
	"p9" : 313.91201,
	"p8" : 171.224732,
	"p11" : 8026.159334,
	"p10" : 5495.838288,
	"p13" : 1.0,
	"p15" : 1.675911,
	"p14" : 0.424575,
	"p17" : 8,
	"3" : 3,
	"2" : 2,
	"1" : 1,
	"4" : 4,
	"16" : 16,
	"15" : 15,
	"14" : 14,
	"13" : 13,
	"12" : 12,
	"11" : 11,
	"10" : 10,
	"8" : 8,
	"7" : 7,
	"6" : 6,
	"5" : 5
}
