{
	"p4" : 1889.76378,
	"p5" : 0.623622,
	"p6" : 0.39,
	"p7" : 306.0,
	"p9" : 2
}
