{
	"p7" : 0.817686,
	"p6" : 85.0,
	"p5" : 8526.0,
	"p4" : 296.070961,
	"p10" : 0.057637,
	"p9" : 0.795852,
	"p8" : 0.817686,
	"p3" : 0.897638
}
