{
	"p2" : [ "B", 2, "C", 3 ],
	"p1" : [ "A", 1 ],
	"p3" : 0.740157,
	"p4" : 267.15393,
	"p5" : 7521.0,
	"p6" : 60.0,
	"p7" : 0.498908,
	"p8" : 0.34607,
	"p9" : 0.215177,
	"p10" : 0.105895
}
